q_cluster,q_name,theme,n,omnp_n,omnp_rate,ci_low,ci_high,traffic_share,omnp_share,lift_pp,excess_omnp,keywords,top_questions
0,Развёрнутые претензии и жалобы (разные темы),Жалобы и развёрнутые обращения,6640,5996,0.903012048192771,0.8956589394709021,0.9098990979151788,0.05533702246816454,0.05876818128356922,5.2722028858148695,350.07427161810756,"что, заказ, товар, мне, как, его","здравствуйте,почему продавец отменил мои | на ваш аккаунт действуют ограничения тех | создал жалобу и отправил её коллегам. мы"
13,Развёрнутое описание проблемы с заказом,Жалобы и развёрнутые обращения,5668,5001,0.8823218066337333,0.8736728458934464,0.8904528659388447,0.04723648243216214,0.04901595640412436,3.2031787299110936,181.55617041136065,"заказ, мне, что, товар, здравствуйте, меня","я создаю претензию в роспотребнадзор, за | за что сегодня опять пытались снять с ме | не получается списать баллы продавца, та"
17,Задержка доставки: подробные жалобы,Статус и сроки доставки,4417,4059,0.9189495132442834,0.9105322017043603,0.9266387116348554,0.03681078738582572,0.03978319676951425,6.865949390966108,303.268984598973,"заказ, доставки, уже, что, сентября, товар","истек срок действия сертификата. сертифи | вопрос по заказу № [удалено], никто не с | здравствуйте! заказ [удалено] должен был"
31,«Не могу… / нет…»: короткие описания проблем,Проблемы с получением заказа,3743,3491,0.9326743254074272,0.9241946791596978,0.940266738157757,0.031193746249749982,0.03421609754185126,8.238430607280488,308.3644576305087,"заказ, могу, нет, товар, заказа, мне",не могу оплатить заказ | нет нужного заказа | нет заказа
11,«Отменить заказ» (команда),Отмена заказа,3882,3456,0.8902627511591963,0.8800417117119897,0.8997121516467227,0.03235215681045403,0.03387305445563963,3.997273182457395,155.174144942996,"отменить, заказ, отмените, отмена, заказа, хочу",отменить заказ | отменить заказ [удалено] | хочу отменить заказ
16,"Деньги, Ozon Карта, аккаунт: развёрнутые вопросы","Списания, банк и рассрочка",4131,3420,0.8278867102396514,0.8160721796142448,0.8390919746788726,0.0344272951530102,0.03352021013839338,-2.2403309094970902,-92.54806987132497,"озон, что, здравствуйте, как, мне, деньги","здравствуйте.
у меня уже есть основной а | здравствуйте, списали 742 рублей наимено | забрали заказ в пункте выдачи озон, но о"
37,Хочу пожаловаться / у меня другой вопрос,Жалобы и развёрнутые обращения,3753,3261,0.8689048760991207,0.8577285091308499,0.879326787531112,0.031277085139009266,0.03196181440388913,1.8614856764498366,69.86155743716245,"мне, здравствуйте, заказ, хочу, меня, что",пожаловаться | хочу оставить жалобу | хочу подать жалобу
9,"Цена, товар, условия покупки (развёрнуто)","Продавец, товар, отзывы",3842,3202,0.8334200937011973,0.8213061734811753,0.8448679091955527,0.03201880125341689,0.03138354177284667,-1.6869925633425042,-64.814254283619,"почему, здравствуйте, цена, что, товар, при","здравствуйте! подскажите, пожалуйста: ес | здравствуйте! у меня вопрос по вашему то | добрый день, 19 числа забирали заказ и н"
44,Почему отменили / задерживается заказ,Статус и сроки доставки,3431,3012,0.8778781696298456,0.8664973300310522,0.8884137552428656,0.028593572904860323,0.02952130787626926,2.7588150295223213,94.65494366291068,"почему, заказ, заказа, доставки, доставка, долго",почему отменили заказ? | почему отменили заказ | почему заказ задерживается
41,Переносы доставки и долгое ожидание,Статус и сроки доставки,3176,2895,0.9115239294710328,0.9011434976223185,0.9209100285659042,0.026468431228748583,0.02837456384521896,6.123391013641044,194.4788985932396,"заказ, уже, дней, доставки, сентября, день","заявка принята. мы отменим заказ [удален | добрый день, может уже поможете с товаро | доставку переносили уже несколько раз"
20,«Хочу отменить заказ» (просьба),Отмена заказа,3291,2876,0.8738985110908538,0.8621189807203772,0.8848061521904128,0.02742682845523035,0.02818834045556122,2.3608491756231476,77.69554636975772,"заказ, отменить, хочу, здравствуйте, заказа, отмените",я хочу отменить заказ | мне нужно отменить заказ | хочу отменить товар
46,"Уточнения: «почему так долго», «вопрос выше»",Продолжение диалога и несогласие,3258,2866,0.8796807857581338,0.8680597734912984,0.8904074678364228,0.02715181012067471,0.02809032814521504,2.939076642351146,95.75511700780044,"почему, что, долго, когда, где, так",? | почему так долго | вопрос выше
8,"Однословные темы (продлить, чек, карта)",Кнопки меню и неинформативные запросы,3060,2605,0.8513071895424836,0.8382607304284766,0.8634726751105042,0.02550170011334089,0.025532206845179754,0.10171702078612954,3.112540836055814,"заказ, вопрос, баллы, чек, карта, карты",продлить | кредитная карта | .
15,"Вход в аккаунт, коды подтверждения","Аккаунт, вход, документы",2757,2475,0.8977149075081611,0.8858445221387525,0.9084784842952276,0.022976531768784586,0.02425804681067942,4.742488817353873,130.75041669444636,"могу, код, здравствуйте, почему, нет, номер",не могу войти в аккаунт | не приходит код подтверждения | не могу войти в свой аккаунт
43,Где товар / пропали товары из корзины,Статус и сроки доставки,2936,2376,0.8092643051771117,0.7946522404878167,0.8230681156021167,0.02446829788652577,0.023287724938252246,-4.102571415751067,-120.45149676645133,"товар, почему, как, товары, товара, можно",где товар | где товар? | куда делись товары из корзины
32,"«Ответ не помог», «нет», несогласие с ботом",Продолжение диалога и несогласие,2436,2297,0.9429392446633826,0.9330112433344931,0.9514724051121931,0.020301353423561572,0.022513427686517425,9.26492253287603,225.6935129008598,"нет, помог, мне, ответ, поможешь, его",ответ мне не помог | нет | № [удалено]
14,Курьер: жалобы и проблемы доставки,Курьер,2521,2291,0.9087663625545418,0.8968955833874818,0.9193932483554678,0.021009733982265483,0.02245462030030972,5.847634321991945,147.41886125741712,"курьер, заказ, что, курьера, мне, курьером","жалоба на курьера и пвз.
заказ не достав | почему отменили возврат??????     курьер | здравствуйте есть информация по этим зак"
34,Ozon Банк и Ozon Карта,"Списания, банк и рассрочка",2770,2274,0.8209386281588448,0.8062189490997029,0.8347693466991633,0.023084872324821655,0.022287999372721214,-2.9351391175777564,-81.30335355690386,"озон, карту, как, могу, банк, почему",не могу зайти в озон банк | не могу войти в озон банк | почему я не могу оформить озон карту?
7,Не проходит оплата,Оплата,2443,2118,0.866966844044208,0.8529218002396104,0.8798595943549559,0.02035969064604307,0.020759007331320814,1.6676824709585647,40.7414827655175,"почему, оплата, могу, оплатить, проходит, деньги",не проходит оплата | почему не проходит оплата | не могу оплатить товар
18,Заказ не доставлен / не меняется статус,Проблемы с получением заказа,2141,1986,0.9276039234002802,0.9158441000508486,0.9378319942584001,0.017842856190412693,0.019465244834751243,7.731390406565786,165.52906860457347,"заказ, нет, товар, выдачи, работает, заказа",жалоба на продавца | заказ не доставлен | заказ не получен
3,"«Вопрос по заказу», «доставка»",Кнопки меню и неинформативные запросы,2245,1985,0.8841870824053452,0.8702885584951239,0.8967730255666435,0.01870958063870925,0.019455443603716628,3.389706307072282,76.09890659377288,"заказ, заказа, заказу, вопрос, доставка, заказом",вопрос по заказу | доставка | продлить заказ
28,Когда приедет заказ,Статус и сроки доставки,2308,1959,0.848786828422877,0.8335917734634537,0.8628227213704485,0.019234615641042736,0.01920061159681656,-0.15031909117453335,-3.469364624308355,"когда, заказ, доставки, будет, доставка, приедет",когда приедет заказ | когда придет заказ | когда приедет заказ?
10,За что списали деньги,"Списания, банк и рассрочка",2265,1948,0.8600441501103753,0.8451454034441334,0.8737236440909611,0.018876258417227815,0.01909279805543576,0.9754130775752934,22.093106207080382,"что, рублей, списали, меня, деньги, карты",за что списали деньги | списание денег | за что списали деньги?
24,Пункт выдачи: работа и оценка,Пункты выдачи и хранение,2412,1944,0.8059701492537313,0.789706684963988,0.8212605241444237,0.020101340089339288,0.01905359313129729,-4.4319870080891,-106.89952663510894,"выдачи, пункт, пункте, как, заказ, можно",как оценить пункт выдачи | почему не работает пункт выдачи | как оценить пункт выдачи?
49,"«Человек», «назад», «другое»",Кнопки меню и неинформативные запросы,2142,1855,0.8660130718954249,0.8509300514541089,0.8797855801190697,0.017851190079338622,0.018181283569216295,1.572305256080253,33.67877858523889,"человек, сертификат, назад, другое, срочно, работа",человек | назад | сертификат
47,"Названия сервисов («озон премиум», «озон банк»)",Кнопки меню и неинформативные запросы,2411,1849,0.7669017005391954,0.7496081278669431,0.7833460832912547,0.02009300620041336,0.018122476183008586,-8.338831879542695,-201.0492366157746,"озон, как, баллы, ozon, доставка, карта",озон премиум | озон банк | озон рассрочка
19,Баллы: списание и начисление (подробно),"Баллы, сертификаты, промокоды",2258,1833,0.8117803365810452,0.7951327930818054,0.8273688003100573,0.018817921194746318,0.0179656564864547,-3.8509682753577135,-86.95486365757733,"баллы, баллов, вау, мне, почему, здравствуйте","здравствуйте.почему даёт списать только  | посмотрите пожалуйста. при заказе списал | добрый день. в письме было указано, что "
1,Курьер: вызвать / связаться,Курьер,2076,1718,0.8275529865125241,0.8107011684022959,0.8431947821354758,0.01730115341022735,0.016838514917473634,-2.273703282209827,-47.20208013867591,"курьер, курьера, курьером, вызвать, как, заказ",курьер | как вызвать курьера | вызвать курьера
5,Подарочные сертификаты,"Баллы, сертификаты, промокоды",2146,1671,0.7786579683131407,0.7606037318387794,0.7957163244853703,0.017884525635042336,0.01637785705884659,-7.163205102148162,-153.72238149209943,"сертификат, сертификата, как, сертификатом, подарочный, активировала",активировать сертификат | как активировать сертификат | как оплатить сертификатом
29,Где мой заказ,Статус и сроки доставки,1655,1553,0.938368580060423,0.9257360707437636,0.9489707125922704,0.013792586172411494,0.015221311796761674,8.807856072580067,145.77001800120001,"где, заказ, мой, находится, мои, товар",где мой заказ | где мой заказ? | где заказ
2,Способы оплаты и постоплата,Оплата,2125,1548,0.7284705882352941,0.7091608941265721,0.7469557093821153,0.01770951396759784,0.015172305641588583,-12.181943109932824,-258.8662910860726,"оплатить, как, заказ, оплата, можно, при",оплата | как оплатить заказ | постоплата
23,"Где найти чеки, промокоды","Баллы, сертификаты, промокоды",2118,1461,0.6898016997167139,0.6697725107365468,0.7091436157075762,0.01765117674511634,0.014319598541576823,-16.048831961790842,-339.91426095073007,"где, как, чек, найти, посмотреть, промокод",промокод | где найти чеки | как активировать промокод
45,Связаться с продавцом,"Продавец, товар, отзывы",1593,1429,0.8970495919648462,0.881158285528793,0.911030495124216,0.013275885059003933,0.014005959148469048,4.67595726302239,74.48799919994667,"продавец, продавцом, отвечает, как, продавца, связаться",продавец не отвечает | как связаться с продавцом | связаться с продавцом
36,"Отключить подписки, удалить аккаунт, уведомления","Аккаунт, вход, документы",1884,1411,0.7489384288747346,0.7288645079485486,0.7679992119737159,0.015701046736449096,0.013829536989845924,-10.135159045988773,-190.94639642642846,"как, отключить, подписку, аккаунт, удалить, отменить",отключить подписку | удалить аккаунт | отменить подписку
39,"«Другой заказ», только номер заказа",Кнопки меню и неинформативные запросы,1481,1333,0.900067521944632,0.883742574907266,0.9143223499978552,0.012342489499299954,0.013065040969145725,4.977750261000969,73.72048136542435,"заказ, другой, получен, заказы, номер, товар",другой заказ | заказ № [удалено] | заказ [удалено]
48,Вернуть деньги за подписку,Подписка Ozon Premium,1452,1267,0.8725895316804407,0.8544501706863051,0.8887625524561026,0.01210080672044803,0.01241815972086094,2.2299512345818395,32.37889192612829,"подписку, деньги, премиум, вернуть, верните, меня",вернуть деньги за подписку | отменить подписку и вернуть деньги | верните деньги за подписку
26,Привязать / отвязать карту,Оплата,1540,1203,0.7811688311688312,0.7598329043876683,0.8011054716737099,0.012834188945929728,0.01179088093464539,-6.912118816579116,-106.44662977531834,"карту, как, привязать, карты, отвязать, удалить",как привязать карту | как отвязать карту | как активировать карту
40,Изменить адрес или дату доставки,Изменение доставки,1544,1186,0.7681347150259067,0.7464340207735929,0.7885044380454489,0.012867524501633443,0.011624260007056887,-8.215530430871565,-126.84778985265689,"адрес, доставки, изменить, как, поменять, доставку",изменить адрес доставки | как изменить адрес доставки | изменить дату доставки
27,Паспортные данные,"Аккаунт, вход, документы",1509,1150,0.7620941020543406,0.7399613760965164,0.7828957425866293,0.012575838389225949,0.01127141568981064,-8.819591728028175,-133.08763917594501,"паспортные, данные, паспорта, паспорт, как, заполнить",паспортные данные | изменить паспортные данные | обновить паспортные данные
4,ПВЗ: жалобы и проблемы,Пункты выдачи и хранение,1310,1115,0.851145038167939,0.8308437239486072,0.8693928951385036,0.010917394492966198,0.010928372603599011,0.08550188333166231,1.1200746716447156,"пвз, заказ, как, товар, можно, почему",жалоба на пвз | пвз | не работает пвз
30,"Баллы, ВАУ-баллы, баланс (коротко)","Баллы, сертификаты, промокоды",1586,1105,0.6967213114754098,0.6736450666601431,0.7188468646115006,0.013217547836522434,0.010830360293252832,-15.35687078592125,-243.55997066471105,"баллы, вау, как, баллов, балы, почему",вау баллы | баллы | баланс средств
33,Отправить посылку (Ozon Доставка),Отправка посылок,1389,1038,0.7473002159827213,0.7237858677483925,0.7694504054933026,0.01157577171811454,0.01017367781393343,-10.2989803351901,-143.05283685579047,"посылку, отправить, как, посылка, посылки, озон",как отправить посылку | посылка | отправить посылку
22,Изменить способ оплаты,Оплата,1164,1008,0.865979381443299,0.8451993830071357,0.884351610894777,0.009700646709780651,0.009879640882894891,1.5689362108676663,18.262417494499573,"оплаты, способ, как, изменить, поменять, карту",изменить способ оплаты | как изменить способ оплаты | поменять способ оплаты
35,Продлить срок хранения,Пункты выдачи и хранение,1484,960,0.6469002695417789,0.622232621973842,0.670809325502287,0.012367491166077738,0.00940918179323323,-20.33897497928434,-301.8303886925796,"продлить, хранения, срок, хранение, можно, как",продлить срок хранения | продлить хранение | как продлить срок хранения
25,Морковки: обмен баллов,"Баллы, сертификаты, промокоды",966,837,0.8664596273291926,0.8435504105023462,0.8864657075936399,0.00805053670244683,0.008203630375975223,1.6169607994570234,15.619841322754837,"морковки, обменять, баллы, начислили, как, морковок",как обменять баллы на морковки? | как обменять баллы на морковки | не начислили морковки
6,Пункт выдачи (коротко) / жалоба на ПВЗ,Пункты выдачи и хранение,890,822,0.9235955056179775,0.9042649468727798,0.939284961746376,0.007417161144076272,0.008056611910455954,7.330548628335521,65.24188279218617,"выдачи, пункт, работает, закрыт, пункта, жалоба",пункт выдачи | жалоба на пункт выдачи | не работает пункт выдачи
12,Отключить Ozon Premium,Подписка Ozon Premium,1159,819,0.7066436583261432,0.6797826810286972,0.7321392866752444,0.00965897726515101,0.008027208217352099,-14.364636100847916,-166.4861324088273,"премиум, озон, отключить, подписку, как, отменить",отключить озон премиум | как отключить озон премиум | отключить премиум
38,Рассрочка,"Списания, банк и рассрочка",1058,799,0.7551984877126654,0.7283966375589922,0.7801537903014345,0.008817254483632242,0.007831183596659741,-9.509153162195695,-100.60684045603045,"рассрочку, рассрочка, рассрочки, как, лимит, рассрочке",рассрочка | закрыть рассрочку | как оформить рассрочку
42,Отзывы,"Продавец, товар, отзывы",765,714,0.9333333333333333,0.9134033364701868,0.9489329366971342,0.006375425028335223,0.006998078958717215,8.304331399871101,63.52813520901395,"отзывах, фото, почему, отзывы, отзыв, видео",отзывы | оставить отзыв | почему не опубликован отзыв?
21,«Главное меню» / пустое сообщение,Кнопки меню и неинформативные запросы,761,551,0.7240473061760841,0.69122301946752,0.7546209304431544,0.006342089472631509,0.00540047830007449,-12.624271315853818,-96.07070471364761,"пусто, главное, меню, пуш, такое, что","[удалено] | главное меню | [удалено]
[удалено]"
