theme,n,omnp_n,omnp_rate,ci_low,ci_high,traffic_share,omnp_share,lift_pp,excess_omnp
Статус и сроки доставки,17923,15854,0.8845617363164648,0.8798007853720897,0.8891578693415214,0.14936829121941464,0.15538871682283295,3.4271716981842504,614.2519834655632
Жалобы и развёрнутые обращения,16061,14258,0.8877404893842227,0.8827651730448481,0.8925303642606676,0.13385059003933594,0.1397459520915827,3.7450470049600337,601.4919994666307
Кнопки меню и неинформативные запросы,12100,10178,0.8411570247933884,0.8345358067952632,0.8475616852935294,0.10084005600373358,0.09975692947034147,-0.9132994541233952,-110.50923394893107
"Списания, банк и рассрочка",10224,8441,0.8256064162754304,0.8181292324804419,0.832839003085506,0.08520568037869192,0.0827321911632101,-2.4683603059191928,-252.365157677179
"Баллы, сертификаты, промокоды",9074,6907,0.7611858055984131,0.7523037598191439,0.7698467919155328,0.07562170811387425,0.06769710275610617,-8.910421373620924,-808.531635442363
Отмена заказа,7173,6332,0.8827547748501324,0.8751039215970172,0.8899958682604042,0.05977898526568438,0.06206139491120085,3.246475551551009,232.86969131275418
Оплата,7272,5877,0.8081683168316832,0.7989567065760973,0.8170545051028376,0.06060404026935129,0.05760183479044968,-4.212170250293912,-306.30902060137396
Проблемы с получением заказа,5884,5477,0.9308293677770224,0.9240606986049857,0.9370358363289704,0.049036602440162676,0.0536813423766025,8.053934844240008,473.8935262350824
"Продавец, товар, отзывы",6200,5345,0.8620967741935484,0.8532895518099973,0.8704555547704155,0.05167011134075605,0.05238757988003293,1.1806754858926016,73.20188012534163
Продолжение диалога и несогласие,5694,5163,0.9067439409905164,0.8989141226868165,0.9140252893178977,0.04745316354423628,0.05060375583173247,5.645392165589403,321.4486299086602
"Аккаунт, вход, документы",6150,5036,0.8188617886178862,0.8090380590214772,0.8282874125993718,0.05125341689445963,0.04935899949033599,-3.142823071673617,-193.28361890792712
Пункты выдачи и хранение,6096,4841,0.7941272965879265,0.7837932848468377,0.8040908333243618,0.050803386892459494,0.047447759438585486,-5.616272274669587,-342.36795786385755
Курьер,4597,4009,0.8720904938003046,0.8621238668979283,0.8814357461954674,0.03831088739249283,0.039293135217783354,2.180047446568223,100.21678111874098
Подписка Ozon Premium,2611,2086,0.7989276139410187,0.7831196177645642,0.8138572698602923,0.02175978398559904,0.02044536793821304,-5.13624053936036,-134.10724048269913
Изменение доставки,1544,1186,0.7681347150259067,0.7464340207735929,0.7885044380454489,0.012867524501633443,0.011624260007056887,-8.215530430871565,-126.84778985265689
Отправка посылок,1389,1038,0.7473002159827213,0.7237858677483925,0.7694504054933026,0.01157577171811454,0.01017367781393343,-10.2989803351901,-143.05283685579047
