need,intent,n,omnp_n,omnp_rate,ci_low,ci_high,traffic_share,omnp_share,lift_pp,excess_omnp
Узнать,Информационный вопрос,32916,25071,0.761666059059424,0.7570328307787003,0.7662382167952345,0.27431828788585905,0.24572666326890658,-8.862396027519836,-2917.146276418429
Неясный запрос,Прочее утверждение,19795,17034,0.8605203334175296,0.8556240421239008,0.8652767200701863,0.16496933128875257,0.16695416944368213,1.023031408290731,202.50906727115216
Решить по своему заказу,Проблема,18071,16360,0.9053179126777711,0.9009626139538168,0.9095009200668632,0.15060170678045204,0.16034813972634962,5.502789334314873,994.409060604039
Решить по своему заказу,Просьба о действии,14328,12194,0.8510608598548297,0.8451370567952601,0.8567964616438497,0.11940796053070205,0.11951621123613126,0.0770840520207372,11.044602973530345
Эскалация,Жалоба / эмоции,11075,10245,0.9250564334085779,0.9200038490691766,0.9298142402155372,0.09229781985465697,0.10041361194966088,7.476641407395556,828.0380358690581
Неясный запрос,Кнопка / тема без вопроса,10252,8718,0.850370659383535,0.8433344550748676,0.8571443822737903,0.0854390292686179,0.08544713215979927,0.008064004891261689,0.8267217814518517
Решить по своему заказу,Статус заказа,8826,8111,0.918989349648765,0.9131129142273523,0.9245012056001202,0.07355490366024402,0.07949778492178618,6.869933031414266,606.3402893526236
Неясный запрос,Продолжение диалога,3171,2806,0.8848943550930306,0.8733171741250608,0.8955400816196036,0.02642676178411894,0.02750225428313796,3.4604335758408267,109.73034868991272
Эскалация,Запрос оператора,1558,1489,0.9557124518613607,0.9443268378768059,0.9648562700644858,0.012984198946596439,0.014594033010546124,10.542243252673833,164.24814987665832
