Признак ответа,Доля ответов,"ОМНП, если есть","ОМНП, если нет",Доля среди ОМНП,"Разница, п.п."
Низкая релевантность (нижние 20% по близости вопрос–ответ),0.20000500033335555,0.899287470311263,0.8380402737699624,0.21153016818912457,6.124719654130062
Список возможных причин вместо ответа,0.11191579438629241,0.9029711817707945,0.84365117348423,0.11884972752577724,5.932000828656447
Номер заказа в ответе без данных по нему,0.024951663444229614,0.9064796259185037,0.8488521171302074,0.02660054102795311,5.762750878829637
Отсылка в личный кабинет в начале ответа,0.4451713447563171,0.870846359773106,0.8337964701464514,0.4559336652683577,3.7049889626654564
Пошаговая инструкция «сделайте сами»,0.5369024601640109,0.8589345585496089,0.8402677800172761,0.5423609205316188,1.8666778532332784
«Нет информации в базе знаний»,0.02005133675578372,0.8678304239401496,0.8499311142482948,0.020464970400282275,1.7899309691854826
Шаблонный ответ (тот же текст ≥ 20 раз),0.01667611174078272,0.8575712143928036,0.8501665381257892,0.0168189124554044,0.7404676267014354
Конкретные сроки / суммы / проценты,0.4459630642042803,0.8513604425175662,0.8494283995186522,0.44652448347512447,0.19320429989139187
Отказ / ограничение в начале ответа,0.10534035602373491,0.8058544303797468,0.8555220210149788,0.09983533931861842,-4.966759063523196
Прямой ответ «Да» / «Нет» первым словом,0.024184945663044202,0.5647829083390765,0.8573661286190111,0.016064217665738817,-29.258322027993454
