label_name,ОМНП,Спасибо,"ОМНП, %","Спасибо, %",ОМНП 95% ДИ
Нужно действие / данные по своему заказу,50,7,33.3,11.7,26%–41%
Ответ корректный и по существу,26,41,17.3,68.3,12%–24%
"Ответ по теме, но общий / неполный",22,5,14.7,8.3,10%–21%
Продолжение диалога: бот не видит контекст,12,0,8.0,0.0,5%–13%
Жалоба / нужен оператор: бот даёт справку,11,1,7.3,1.7,4%–13%
Корректный отказ по правилам («нельзя»),9,6,6.0,10.0,3%–11%
Неясный запрос: бот угадывает,9,0,6.0,0.0,3%–11%
Ответ не по теме (неверно понят запрос),6,0,4.0,0.0,2%–8%
Нет информации в базе знаний,5,0,3.3,0.0,1%–8%
