theme,Низкая релевантность,Отсылка в личный кабинет в начале ответа,Список возможных причин вместо ответа,Шаблонный ответ,Отказ / ограничение в начале ответа,Номер заказа в ответе без данных по нему
Статус и сроки доставки,0.12999873848870946,0.5492620158950423,0.15762583575123,0.018039611454522517,0.0778352466254573,0.04377444178125394
Жалобы и развёрнутые обращения,0.2415486042923271,0.4610744844999299,0.08332164398933932,0.007644830972085847,0.10464300743442279,0.019497825782017114
Кнопки меню и неинформативные запросы,0.5638632344271959,0.42542739241501276,0.0500098251129888,0.06907054431125959,0.06612301041461977,0.06936529770092356
"Списания, банк и рассрочка",0.07783437981281839,0.3077834379812818,0.2473640563914228,0.002013979386328634,0.08198080796114204,0.005449591280653951
"Баллы, сертификаты, промокоды",0.1819892862313595,0.3153322716085131,0.08107716809034313,0.00970030403938034,0.07876067757347618,0.00347473577530042
Отмена заказа,0.062065698041692985,0.8603916614024005,0.04200884396715098,0.001737207833228048,0.049273531269740996,0.04185091598231207
Оплата,0.055470478135102946,0.31325506210651693,0.25778458397141396,0.00272247745448358,0.2472349838352901,0.0023821677726731326
Проблемы с получением заказа,0.26328281906153006,0.5517619134562717,0.13602337045828009,0.008581340149716999,0.09932444769034143,0.02227496804820157
"Продавец, товар, отзывы",0.12478952291861553,0.25369504209541627,0.19176800748362957,0.0014967259120673526,0.049766136576239475,0.00598690364826941
Продолжение диалога и несогласие,0.7205113306217316,0.3652914971915553,0.13190005810575248,0.02033701336432307,0.062366840983924074,0.017625411582413326
"Аккаунт, вход, документы",0.10365369340746625,0.41382049245432884,0.08061953931691819,0.014098490865766481,0.04864972200158856,0.005361397934868944
Пункты выдачи и хранение,0.1319975211733113,0.3342284651931419,0.05949184052881636,0.01094815120842801,0.3804998967155546,0.004337946705226193
Курьер,0.102269892741332,0.47567972062858566,0.054377650286854574,0.001746071339486156,0.06909453729109503,0.09378897480668495
Подписка Ozon Premium,0.059443911792905084,0.7109300095877277,0.03883029721955897,0.07861936720997123,0.06903163950143816,0.00047938638542665386
Изменение доставки,0.021079258010118045,0.784991568296796,0.02023608768971332,0.0008431703204047217,0.07419898819561552,0.006745362563237774
Отправка посылок,0.15028901734104047,0.5337186897880539,0.031791907514450865,0.049132947976878616,0.055876685934489405,0.008670520231213872
