Вопрос,n,Лучший тип ответа,ОМНП лучшего,Худший тип ответа,ОМНП худшего,"Разница, п.п."
ответ мне не помог,83,Вопросы о товаре продавцу (Q&A),0.8333333333333334,Общая инструкция по заказу (ответ не по запросу),1.0,16.666666666666664
другой заказ,615,Отменить заказ: инструкция,0.8,Заказ «уточняется» / где заказ по номеру,0.9230769230769231,12.307692307692308
назад,90,Отменить заказ: инструкция,0.3076923076923077,Отменить заказ и вернуть деньги,0.37254901960784315,6.485671191553544
заказ,741,Статус заказа в личном кабинете (шаблон),0.9362880886426593,Отменить заказ: инструкция,1.0,6.371191135734067
человек,307,Способы оплаты и оформление заказа,0.95,Изменить адрес / пункт выдачи,1.0,5.000000000000004
вопрос по заказу,125,Сроки доставки «неизвестны заранее»,0.8947368421052632,Где заказ: инструкция по статусу,0.9411764705882353,4.643962848297212
отменить заказ,1603,Отменить заказ: инструкция,0.899616368286445,Отменить заказ и вернуть деньги,0.9444444444444444,4.482807615799944
где заказ,272,Статус заказа в личном кабинете (шаблон),0.9619047619047619,Заказ «уточняется» / где заказ по номеру,1.0,3.809523809523807
где мой заказ,476,Статус заказа в личном кабинете (шаблон),0.9659442724458205,Заказ «уточняется» / где заказ по номеру,1.0,3.4055727554179516
отправить посылку,64,Как получить заказ в пункте выдачи,0.7333333333333333,Ozon Premium и стоимость доставки: справка,0.7551020408163265,2.17687074829932
главное меню,289,Как оформить новый заказ,0.46551724137931033,"Профиль, Ozon ID, удаление аккаунта",0.4703196347031963,0.48023933238859895
нет,86,Общая инструкция по заказу (ответ не по запросу),0.9285714285714286,Оплата не прошла: список причин,0.9333333333333333,0.4761904761904745
другое,70,"Жалобы: письмо Почтой России, Линия доверия",0.8823529411764706,"Жалобы: письмо Почтой России, Линия доверия",0.8823529411764706,0.0
