a_name,Узнать,Решить,n_узнать,n_решить,"Разрыв, п.п."
Где скачать электронные чеки,0.5248868778280543,0.7788461538461539,442,104,25.39592760180995
Продлить срок хранения нельзя (14 дней),0.5683060109289617,0.7810810810810811,1098,1110,21.27750701521194
Привязка карт: правила,0.6964769647696477,0.8901251738525731,738,719,19.364820908292536
Сертификат → Баланс средств,0.6742934051144011,0.8675034867503487,743,717,19.321008163594765
Активировать сертификат,0.6566037735849056,0.8408071748878924,530,446,18.420340130298673
Баллы Ozon: как получить и потратить,0.7139728427507666,0.8836132020845396,2283,1727,16.964035933377307
ВАУ-баллы: сроки и возврат,0.6376146788990825,0.8028503562945368,654,421,16.52356773954543
"Уведомления, баг-репорт, настройки",0.7372093023255814,0.8976744186046511,430,645,16.04651162790698
"Профиль, Ozon ID, удаление аккаунта",0.7046263345195729,0.8587819947043248,843,1133,15.415566018475191
Отключить Ozon Premium,0.6871794871794872,0.8394241417497231,780,1806,15.224465457023594
Изменить адрес / пункт выдачи,0.659468438538206,0.8093023255813954,1204,1075,14.983388704318934
Ozon Premium и стоимость доставки: справка,0.6754507628294036,0.8060200668896321,2163,598,13.056930406022849
Промокод не сработал: чек-лист,0.7882599580712788,0.9166666666666666,477,360,12.840670859538783
Как получить заказ в пункте выдачи,0.8105263157894737,0.9316628701594533,855,878,12.113655436997961
Отвязать банковскую карту,0.7341772151898734,0.8540145985401459,316,274,11.98373833502725
Увеличить лимит рассрочки,0.7441077441077442,0.863013698630137,297,146,11.890595452239284
Списание 199 ₽ = продление Premium,0.7042801556420234,0.823051948051948,257,616,11.877179240992463
Общая инструкция по заказу (ответ не по запросу),0.8008196721311476,0.9098915989159891,1220,1476,10.907192678484156
Как оформить новый заказ,0.7231182795698925,0.8321579689703809,1488,709,10.903968940048836
Возврат и претензии к товару,0.8042328042328042,0.9073856975381008,567,853,10.315289330529664
Вывести деньги с Баланса средств,0.7284263959390863,0.8299492385786802,394,394,10.152284263959388
Способы оплаты и оформление заказа,0.718508997429306,0.8160621761658031,1556,772,9.755317873649716
Паспортные данные для таможни,0.7235142118863049,0.8186813186813187,774,546,9.516710679501372
Изменить способ оплаты,0.8089686098654708,0.9011553273427471,1115,779,9.218671747727624
Перенести дату доставки,0.8387096774193549,0.9303201506591338,496,1062,9.16104732397789
Ozon Рассрочка: условия,0.7109243697478992,0.8016528925619835,595,242,9.072852281408428
Пункт выдачи закрыт / недоступен,0.875,0.9622437971952535,656,927,8.724379719525356
Отменить заказ и вернуть деньги,0.8258221680876979,0.908133971291866,821,2090,8.231180320416808
Оплата не прошла: список причин,0.8403361344537815,0.9169741697416974,357,1626,7.663803528791591
Связаться с курьером,0.8702064896755162,0.9352941176470588,339,510,6.508762797154266
Отменить заказ: инструкция,0.8426165803108808,0.9048643282594309,1544,6044,6.224774794855003
Вопросы о товаре продавцу (Q&A),0.8449519230769231,0.9053857350800583,832,687,6.0433812003135134
Заказ «уточняется» / где заказ по номеру,0.8728024819027922,0.9313259376650819,967,1893,5.852345576228968
"Жалобы: письмо Почтой России, Линия доверия",0.8810126582278481,0.9324675324675324,395,385,5.145487423968431
Где заказ: инструкция по статусу,0.8863636363636364,0.929520295202952,1364,2710,4.315665883931564
Сроки доставки «неизвестны заранее»,0.8621553884711779,0.8984220907297831,798,1014,3.6266702258605177
За что списали деньги: список причин,0.891358024691358,0.9125628140703518,405,995,2.1204789378993727
Почему задерживается / перенос доставки,0.8723618090452261,0.8830703012912482,995,1394,1.0708492246022105
Почему изменилась цена,0.8825857519788918,0.8864628820960698,758,229,0.38771301171780514
Статус заказа в личном кабинете (шаблон),0.9378378378378378,0.9371069182389937,370,1113,-0.0730919598844082
