theme,Неожиданное «Спасибо»,Неожиданный ОМНП,n,"Неожиданное «Спасибо», ‰","Неожиданный ОМНП, ‰"
Отправка посылок,1,91,1389,0.7199424046076314,65.51475881929446
"Баллы, сертификаты, промокоды",3,248,9074,0.3306149437954595,27.33083535375799
Пункты выдачи и хранение,24,165,6096,3.937007874015748,27.066929133858267
Кнопки меню и неинформативные запросы,29,131,12100,2.396694214876033,10.826446280991735
Подписка Ozon Premium,2,24,2611,0.7659900421294523,9.191880505553428
"Продавец, товар, отзывы",26,24,6200,4.193548387096774,3.870967741935484
"Списания, банк и рассрочка",11,39,10224,1.0758998435054772,3.8145539906103285
"Аккаунт, вход, документы",11,20,6150,1.7886178861788617,3.252032520325203
Оплата,0,23,7272,0.0,3.162816281628163
Курьер,24,14,4597,5.220796171416141,3.0454644333260825
Статус и сроки доставки,99,35,17923,5.523628856776209,1.9527980806784577
Изменение доставки,0,3,1544,0.0,1.9430051813471503
Жалобы и развёрнутые обращения,49,16,16061,3.0508685636012705,0.996201979951435
Отмена заказа,3,4,7173,0.4182350480970305,0.5576467307960408
Проблемы с получением заказа,75,0,5884,12.746430999320191,0.0
Продолжение диалога и несогласие,49,0,5694,8.605549701440113,0.0
