,Неожиданный ОМНП,Все ОМНП,Все «Спасибо»
Низкая релевантность (нижние 20% по близости вопрос–ответ),0.11469534050179211,0.21153016818912457,0.13454687152081943
Отсылка в личный кабинет в начале ответа,0.2616487455197133,0.4559336652683577,0.3840458695168114
Пошаговая инструкция «сделайте сами»,0.39904420549581837,0.5423609205316188,0.5059006902694277
Список возможных причин вместо ответа,0.008363201911589008,0.11884972752577724,0.07253395680249387
Шаблонный ответ (тот же текст ≥ 20 раз),0.05734767025089606,0.0168189124554044,0.01586506346025384
Отказ / ограничение в начале ответа,0.2628434886499403,0.09983533931861842,0.1366065464261857
Номер заказа в ответе без данных по нему,0.0,0.02660054102795311,0.01558672901358272
«Нет информации в базе знаний»,0.010752688172043012,0.020464970400282275,0.017702070808283232
Прямой ответ «Да» / «Нет» первым словом,0.2962962962962963,0.016064217665738817,0.07030728122912491
Конкретные сроки / суммы / проценты,0.36917562724014336,0.44652448347512447,0.4427744377644177
