a_cluster,a_name,n,omnp_n,omnp_rate,ci_low,ci_high,traffic_share,omnp_share,lift_pp,excess_omnp,main_question_theme,need_info_share
37,Где скачать электронные чеки,1009,656,0.6501486620416254,0.6202016509456764,0.6789566774642152,0.00840889392626175,0.006429607558709374,-20.0141357292997,-201.9426295086339,"Баллы, сертификаты, промокоды",0.4380574826560951
8,Продлить срок хранения нельзя (14 дней),2892,2046,0.7074688796680498,0.6906219066055843,0.7237653996614437,0.02410160677378492,0.02005331869682832,-14.282113966657251,-413.038735915728,Пункты выдачи и хранение,0.3796680497925311
11,ВАУ-баллы: сроки и возврат,1541,1126,0.7306943543153797,0.7079922458312925,0.7522491148363645,0.012842522834855657,0.01103618614497981,-11.959566501924268,-184.29691979465292,"Баллы, сертификаты, промокоды",0.4243997404282933
30,Ozon Premium и стоимость доставки: справка,4464,3316,0.742831541218638,0.7298047888804959,0.7554407041557838,0.03720248016534436,0.03250088211079311,-10.74584781159843,-479.69464630975426,Курьер,0.4845430107526882
32,Ozon Рассрочка: условия,1496,1137,0.7600267379679144,0.7377367569130299,0.7809846867380864,0.01246749783318888,0.011143999686360607,-9.026328136670791,-135.03386892459503,"Списания, банк и рассрочка",0.3977272727272727
5,Способы оплаты и оформление заказа,3535,2716,0.7683168316831683,0.7541216081169109,0.7819295109837576,0.02946029735315688,0.026620143490022348,-8.1973187651454,-289.77521834789013,Оплата,0.4401697312588402
2,Изменить адрес / пункт выдачи,3404,2646,0.7773207990599295,0.7630359711023339,0.7909803892824913,0.028368557903860257,0.02593405731759909,-7.296922027469288,-248.38722581505453,Изменение доставки,0.3537015276145711
27,Списание 199 ₽ = продление Premium,1122,873,0.7780748663101604,0.752834038316427,0.8014179985598086,0.00935062337489166,0.008556474693221468,-7.221515302446191,-81.02540169344627,"Списания, банк и рассрочка",0.22905525846702318
21,Паспортные данные для таможни,2013,1571,0.7804272230501739,0.7618186152746276,0.7979675374901705,0.01677611840789386,0.015397733955384796,-6.986279628444847,-140.63380892059467,"Аккаунт, вход, документы",0.38450074515648286
10,Увеличить лимит рассрочки,623,487,0.7817014446227929,0.7475902502929086,0.8123598232184854,0.00519201280085339,0.00477319951385894,-6.858857471182944,-42.730682045469734,"Списания, банк и рассрочка",0.4767255216693419
38,"Профиль, Ozon ID, удаление аккаунта",3316,2599,0.7837756332931243,0.7694396190669806,0.7974548978280425,0.02763517567837856,0.02547339945897205,-6.651438604149806,-220.56170411360745,"Аккаунт, вход, документы",0.2542219541616405
12,Активировать сертификат,1640,1293,0.7884146341463415,0.7679846137544138,0.8074966248272112,0.013667577838522568,0.012672991727761007,-6.1875385188280845,-101.47563170878061,"Баллы, сертификаты, промокоды",0.3231707317073171
29,Как оформить новый заказ,4552,3595,0.7897627416520211,0.7776834272285628,0.8013533856404359,0.03793586239082605,0.03523542556945152,-6.052727768260125,-275.5201680112009,Кнопки меню и неинформативные запросы,0.3268892794376098
34,Сертификат → Баланс средств,2043,1623,0.7944199706314243,0.7763509565314599,0.8113838247041762,0.01702613507567171,0.01590739796918493,-5.5870048703198005,-114.14250950063342,"Баллы, сертификаты, промокоды",0.3636808614782183
0,Вывести деньги с Баланса средств,1186,945,0.7967959527824621,0.7729536775748133,0.8187217185451409,0.009883992266151076,0.00926216332771396,-5.349406655216027,-63.443962930862085,"Списания, банк и рассрочка",0.33220910623946037
13,Привязка карт: правила,2185,1744,0.7981693363844393,0.7808231490512753,0.8144688994916617,0.018209547303153543,0.0170933469243737,-5.212068295018302,-113.88369224614985,"Списания, банк и рассрочка",0.3377574370709382
18,Баллы Ozon: как получить и потратить,5840,4676,0.8006849315068493,0.7902428195493428,0.8107317174743848,0.04866991132742183,0.04583055631787353,-4.960508782777307,-289.6937129141943,"Баллы, сертификаты, промокоды",0.3909246575342466
7,Отключить Ozon Premium,3241,2603,0.8031471767972848,0.7891022602787197,0.816474295445911,0.027010134008933928,0.02551260438311052,-4.714284253733759,-152.78995266351103,Подписка Ozon Premium,0.2406664609688368
35,Отвязать банковскую карту,777,630,0.8108108108108109,0.7817676433514734,0.8367957118796004,0.006475431695446363,0.006174775551809307,-3.947920852381148,-30.67534502300157,Оплата,0.4066924066924067
19,Изменить способ оплаты,2330,1987,0.8527896995708154,0.837822182432825,0.8665958037749794,0.01941796119741316,0.019475046065785862,0.24996802361930692,5.824254950329987,Оплата,0.47854077253218885
17,"Уведомления, баг-репорт, настройки",1904,1646,0.8644957983193278,0.848386042844718,0.8791376677190942,0.015867724514967665,0.01613282628298114,1.420577898470543,27.047803186879037,"Аккаунт, вход, документы",0.22584033613445378
39,Промокод не сработал: чек-лист,1537,1340,0.8718282368249838,0.8541842324433208,0.8876181695686706,0.012809187279151944,0.01313364958638805,2.1538217490361444,33.104240282685396,"Баллы, сертификаты, промокоды",0.3103448275862069
33,Сроки доставки «неизвестны заранее»,2741,2417,0.8817949653411163,0.8691706852331198,0.8933505473217933,0.02284318954596973,0.02368957541067158,3.1504946006494006,86.35505700380008,Статус и сроки доставки,0.29113462240058374
26,Общая инструкция по заказу (ответ не по запросу),5984,5281,0.8825200534759359,0.8741151777765773,0.890434104889818,0.04986999133275552,0.051760301093817386,3.2230034141313535,192.8645243016199,Жалобы и развёрнутые обращения,0.2038770053475936
23,Возврат и претензии к товару,3624,3215,0.8871412803532008,0.876426522340633,0.8970361338017961,0.030202013467564504,0.0315109577762967,3.6851261018578496,133.54896993132843,Жалобы и развёрнутые обращения,0.1564569536423841
24,Почему задерживается / перенос доставки,3384,3006,0.8882978723404256,0.8772411395646922,0.8984739942243256,0.02820188012534169,0.029462500490061553,3.8007853005803227,128.61857457163796,Статус и сроки доставки,0.2940307328605201
36,Отменить заказ и вернуть деньги,5531,4918,0.8891701319833665,0.8806252504539814,0.8971747863167184,0.046094739649309956,0.04820245422825107,3.8880112648744136,215.04590306020418,Жалобы и развёрнутые обращения,0.14843608750677997
20,Как получить заказ в пункте выдачи,3391,3018,0.890002948982601,0.8790271202090759,0.9000961237148822,0.028260217347823188,0.029580115262476968,3.971292964797868,134.66654443629568,Пункты выдачи и хранение,0.2521380123857269
3,Вопросы о товаре продавцу (Q&A),2655,2379,0.896045197740113,0.8838578280048408,0.9070881237961239,0.022126475098339888,0.0233171286313561,4.57551784054907,121.47999866657756,"Продавец, товар, отзывы",0.31337099811676083
1,Отменить заказ: инструкция,10070,9036,0.8973187686196623,0.8912377373485888,0.9030967695588853,0.08392226148409894,0.08856392362880777,4.702874928503997,473.57950530035305,Отмена заказа,0.15332671300893744
22,За что списали деньги: список причин,1946,1751,0.8997944501541624,0.8856552404909269,0.9123583007115995,0.01621774784985666,0.017161955541616026,4.9504430819540035,96.33562237482488,"Списания, банк и рассрочка",0.20811921891058582
28,Почему изменилась цена,1551,1403,0.9045776918117344,0.8889402846481409,0.9182158912607106,0.01292586172411494,0.01375112714156898,5.4287672477112086,84.20018001200083,"Продавец, товар, отзывы",0.4887169568020632
16,Связаться с курьером,1613,1464,0.907625542467452,0.8925097875416601,0.9208042687023159,0.013442562837522501,0.014349002234680676,5.7335523132829636,92.48219881325417,Курьер,0.2101673899566026
14,Заказ «уточняется» / где заказ по номеру,4951,4528,0.9145627146031104,0.9064512198526079,0.9220313697825481,0.041261084072271484,0.04437997412475007,6.427269526848811,318.21411427428484,Статус и сроки доставки,0.19531407796404768
4,Оплата не прошла: список причин,3128,2861,0.9146419437340153,0.9043341521782304,0.9239325136710257,0.026068404560304022,0.02804132199004195,6.435192439939296,201.29281952130123,Оплата,0.11413043478260869
6,Где заказ: инструкция по статусу,6849,6307,0.920864359760549,0.914232549722851,0.9270243093296042,0.05707880525368358,0.0618163641353354,7.05743404259267,483.3636575771716,Статус и сроки доставки,0.1991531610454081
25,"Жалобы: письмо Почтой России, Линия доверия",2070,1907,0.921256038647343,0.9088572334655226,0.9320941680301363,0.017251150076671776,0.018690947583016426,7.096601931272062,146.8996599773318,"Продавец, товар, отзывы",0.19082125603864733
31,Перенести дату доставки,2538,2340,0.9219858156028369,0.9109022494014074,0.9317938493641491,0.021151410094006267,0.022934880621005998,7.169579626821454,181.9639309287286,Статус и сроки доставки,0.1954294720252167
15,Пункт выдачи закрыт / недоступен,2494,2308,0.92542101042502,0.9144432602834853,0.9350901929186712,0.020784718981265417,0.022621241227898225,7.513099109039767,187.3766917794519,Пункты выдачи и хранение,0.26303127506014434
9,Статус заказа в личном кабинете (шаблон),2822,2634,0.933380581148122,0.9235784050555497,0.9420044358227219,0.02351823454896993,0.025816442545183674,8.30905618134996,234.48156543769574,Статус и сроки доставки,0.13111268603827073
