a_name,rag_answer,size,mean
Где скачать электронные чеки,"Электронные чеки можно скачать в личном кабинете в разделе [**Электронные чеки**](url

Также все чеки приходят на электронную почту, указанную в профиле.",35,0.45714285714285713
Изменить адрес / пункт выдачи,"1. Перейдите в личный кабинет на странице заказа.
2. Нажмите **Адрес** или **Изменить адрес**.
3. Выберите адрес из списка или добавьте новый адрес доставки.
4. Нажмите **Подтвердить изменение**.

Изменить адрес можно, если товары ещё не переданы в доставку. После смены адреса может измениться дата доставки.

Изменить адрес и способ доставки не получится для:
- заказов с Ozon Fresh;
- товаров из-за рубежа;
- товаров из подборки «Нарасхват»;
- крупногабаритных товаров;
- заказов, оформленных за пределами России.

[Подробнее о стоимости доставки](url",6,0.5
Отключить Ozon Premium,"Чтобы отключить подписку Ozon Premium, выполните следующие действия:

1. В личном кабинете перейдите в раздел [**Ozon Premium**](url
2. В блоке «Управлять» выберите **Отключить подписку → Продолжить**.
3. Укажите причину отмены и нажмите **Отменить подписку**.

При отмене платной месячной подписки все преимущества будут действовать до её окончания. При отмене годовой подписки сумма возврата будет уменьшена.",13,0.3076923076923077
Продлить срок хранения нельзя (14 дней),"Срок хранения заказа в пункте выдачи Ozon составляет 14 дней. Продлить этот срок нельзя. Если заказ не будет забран в течение указанного времени, он вернется обратно.

[Подробнее о получении заказа](url",7,0.14285714285714285
"Профиль, Ozon ID, удаление аккаунта","Чтобы изменить номер телефона в аккаунте Ozon:

1. В личном кабинете нажмите **Изменить профиль**.
2. В разделе **Учётные данные** нажмите **Изменить в Ozon ID**.
3. На странице [Ozon ID](url нажмите **Изменить** рядом с данными, которые нужно поменять.
4. Пройдите проверку:
   - Если у вас есть доступ к текущему номеру, нажмите **Получить код**. Введите код из СМС, напишите новый номер и подтвердите его.
   - Если доступа к текущему номеру нет, поменять номер получится только в браузерной версии личного кабинета. На странице [Ozon ID](url нажмите **Изменить → Изменить без подтверждения**, введите и подтвердите новый номер. Номер изменится через 14 дней. Если вы передумали изменять номер, войдите в [личный кабинет](url и рядом с новым номером нажмите **Отменить**.",10,0.5
