,OR,lo,hi,p
Прямой «Да/Нет» первым словом,0.3995803190150242,0.3687178618857853,0.4330260284314798,8.188838422167782e-111
Релевантность (+1 σ близости),0.7589408037891042,0.7434173465247599,0.7747884096983039,7.659001019469711e-151
Отказ / ограничение в начале,0.8470858356992857,0.8029833953961881,0.8936105243973562,1.1772637267440945e-09
Конкретные сроки / суммы,0.909098041175747,0.8769368380023326,0.9424387397754431,2.1486123990990648e-07
Шаблонный ответ,0.9526862354512636,0.8330938442254845,1.0894463685085725,0.4788148629071921
Длина ответа (+100 символов),1.0399207390984782,1.0321151263001513,1.0477853836749516,2.3609277940107225e-24
Пошаговая инструкция,1.0666675731507833,1.0286616135053341,1.1060777389507224,0.0004892961017563807
Номер заказа без данных,1.1851815610731815,1.042544373894679,1.3473338573210372,0.009410135942521127
Отсылка в личный кабинет,1.235435614641099,1.1887663581436694,1.283937038988083,5.255032573270719e-27
«Нет информации»,1.400052022085914,1.2385408021509368,1.582625022238049,7.418193724432179e-08
Список возможных причин,1.6304993780094188,1.5289592905836553,1.7387828688847902,3.1871370977637443e-50
