cluster,name
37,Где скачать электронные чеки
8,Продлить срок хранения нельзя (14 дней)
11,ВАУ-баллы: сроки и возврат
30,"Ozon Premium и стоимость доставки: справка"
32,Ozon Рассрочка: условия
5,Способы оплаты и оформление заказа
2,Изменить адрес / пункт выдачи
27,Списание 199 ₽ = продление Premium
21,Паспортные данные для таможни
10,Увеличить лимит рассрочки
38,"Профиль, Ozon ID, удаление аккаунта"
12,Активировать сертификат
29,Как оформить новый заказ
34,Сертификат → Баланс средств
0,Вывести деньги с Баланса средств
13,Привязка карт: правила
18,Баллы Ozon: как получить и потратить
7,Отключить Ozon Premium
35,Отвязать банковскую карту
19,Изменить способ оплаты
17,"Уведомления, баг-репорт, настройки"
39,Промокод не сработал: чек-лист
33,Сроки доставки «неизвестны заранее»
26,Общая инструкция по заказу (ответ не по запросу)
23,Возврат и претензии к товару
24,Почему задерживается / перенос доставки
36,Отменить заказ и вернуть деньги
20,Как получить заказ в пункте выдачи
3,Вопросы о товаре продавцу (Q&A)
1,Отменить заказ: инструкция
22,За что списали деньги: список причин
28,Почему изменилась цена
16,Связаться с курьером
14,Заказ «уточняется» / где заказ по номеру
4,Оплата не прошла: список причин
6,Где заказ: инструкция по статусу
25,"Жалобы: письмо Почтой России, Линия доверия"
31,Перенести дату доставки
15,Пункт выдачи закрыт / недоступен
9,Статус заказа в личном кабинете (шаблон)
