id,reaction,label
36384,ОМНП,O
87338,ОМНП,K
71396,ОМНП,P
108228,ОМНП,A
14790,ОМНП,A
106619,ОМНП,A
87309,ОМНП,G
103522,ОМНП,O
119405,ОМНП,I
19237,ОМНП,A
49537,ОМНП,A
110936,ОМНП,C
53472,ОМНП,A
45611,ОМНП,P
111461,ОМНП,A
48642,ОМНП,I
103354,ОМНП,A
102314,ОМНП,C
6368,ОМНП,V
21960,ОМНП,G
105013,ОМНП,G
6011,ОМНП,G
15030,ОМНП,P
29767,ОМНП,I
60752,ОМНП,I
22462,ОМНП,G
114591,ОМНП,G
48611,ОМНП,V
15357,ОМНП,A
87381,ОМНП,A
53115,ОМНП,O
36102,ОМНП,A
32322,ОМНП,K
78868,ОМНП,E
90283,ОМНП,G
19245,ОМНП,G
1364,ОМНП,A
2045,ОМНП,C
59915,ОМНП,A
51492,ОМНП,G
14030,ОМНП,V
38764,ОМНП,A
18735,ОМНП,K
78845,ОМНП,A
74832,ОМНП,A
40987,ОМНП,A
114406,ОМНП,A
62277,ОМНП,E
114333,ОМНП,C
11680,ОМНП,G
19813,ОМНП,G
42075,ОМНП,G
90910,ОМНП,I
93872,ОМНП,P
12303,ОМНП,G
43424,ОМНП,C
59683,ОМНП,C
23496,ОМНП,A
9310,ОМНП,A
59450,ОМНП,A
44283,ОМНП,E
108195,ОМНП,G
106072,ОМНП,K
13950,ОМНП,C
86329,ОМНП,G
12827,ОМНП,A
112790,ОМНП,G
52037,ОМНП,A
60970,ОМНП,I
49242,ОМНП,A
43050,ОМНП,A
21170,ОМНП,C
107350,ОМНП,G
41070,ОМНП,A
33858,ОМНП,A
118695,ОМНП,G
83201,ОМНП,A
14180,ОМНП,E
51927,ОМНП,G
44477,ОМНП,A
108832,ОМНП,C
6046,ОМНП,C
1637,ОМНП,A
75656,ОМНП,E
97347,ОМНП,V
54691,ОМНП,A
64039,ОМНП,V
65960,ОМНП,O
6625,ОМНП,V
74350,ОМНП,G
59691,ОМНП,P
33659,ОМНП,A
14493,ОМНП,I
66774,ОМНП,A
86254,ОМНП,A
32704,ОМНП,A
26339,ОМНП,G
24712,ОМНП,I
26021,ОМНП,A
51345,ОМНП,E
79013,ОМНП,E
78482,ОМНП,I
102771,ОМНП,P
7258,ОМНП,P
29987,ОМНП,A
19240,ОМНП,K
10895,ОМНП,I
40209,ОМНП,I
62750,ОМНП,A
13168,ОМНП,A
27029,ОМНП,I
73644,ОМНП,A
77410,ОМНП,G
58784,ОМНП,E
107492,ОМНП,A
52594,ОМНП,A
50468,ОМНП,P
20440,ОМНП,G
12715,ОМНП,V
77227,ОМНП,V
50203,ОМНП,A
69259,ОМНП,A
16387,ОМНП,A
55013,ОМНП,I
10610,ОМНП,A
20989,ОМНП,I
32101,ОМНП,I
39511,ОМНП,O
81303,ОМНП,A
103417,ОМНП,A
19065,ОМНП,I
13997,ОМНП,C
60901,ОМНП,C
95655,ОМНП,V
103633,ОМНП,E
17453,ОМНП,P
6102,ОМНП,I
67185,ОМНП,A
57300,ОМНП,I
77116,ОМНП,G
73221,ОМНП,I
113066,ОМНП,I
85114,ОМНП,G
35072,ОМНП,I
72246,ОМНП,G
76161,ОМНП,E
61577,ОМНП,E
25062,ОМНП,O
28076,ОМНП,I
40968,ОМНП,A
7094,Спасибо,G
61853,Спасибо,G
30652,Спасибо,G
68824,Спасибо,I
56196,Спасибо,G
64728,Спасибо,G
2283,Спасибо,G
69801,Спасибо,P
104954,Спасибо,G
57311,Спасибо,G
100618,Спасибо,G
101785,Спасибо,A
113557,Спасибо,G
75809,Спасибо,I
93734,Спасибо,G
13565,Спасибо,G
76883,Спасибо,E
38373,Спасибо,P
89722,Спасибо,P
64598,Спасибо,G
54748,Спасибо,P
84151,Спасибо,A
59791,Спасибо,P
7307,Спасибо,G
111013,Спасибо,G
32551,Спасибо,G
94082,Спасибо,G
113689,Спасибо,G
38979,Спасибо,G
32285,Спасибо,G
15954,Спасибо,G
55835,Спасибо,G
66406,Спасибо,G
78137,Спасибо,G
66019,Спасибо,G
48996,Спасибо,A
48555,Спасибо,G
36235,Спасибо,P
46353,Спасибо,G
1694,Спасибо,I
17514,Спасибо,G
38230,Спасибо,A
24388,Спасибо,I
21720,Спасибо,G
98563,Спасибо,G
28970,Спасибо,G
35077,Спасибо,G
105908,Спасибо,G
91152,Спасибо,G
119556,Спасибо,G
119976,Спасибо,G
53616,Спасибо,G
68546,Спасибо,I
21516,Спасибо,G
36962,Спасибо,A
110903,Спасибо,A
112437,Спасибо,G
56825,Спасибо,G
91194,Спасибо,A
60255,Спасибо,G
