cluster,name,theme
0,Развёрнутые претензии и жалобы (разные темы),Жалобы и развёрнутые обращения
13,Развёрнутое описание проблемы с заказом,Жалобы и развёрнутые обращения
37,Хочу пожаловаться / у меня другой вопрос,Жалобы и развёрнутые обращения
11,«Отменить заказ» (команда),Отмена заказа
20,«Хочу отменить заказ» (просьба),Отмена заказа
17,Задержка доставки: подробные жалобы,Статус и сроки доставки
41,Переносы доставки и долгое ожидание,Статус и сроки доставки
44,Почему отменили / задерживается заказ,Статус и сроки доставки
28,Когда приедет заказ,Статус и сроки доставки
29,Где мой заказ,Статус и сроки доставки
43,Где товар / пропали товары из корзины,Статус и сроки доставки
31,«Не могу… / нет…»: короткие описания проблем,Проблемы с получением заказа
18,Заказ не доставлен / не меняется статус,Проблемы с получением заказа
14,Курьер: жалобы и проблемы доставки,Курьер
1,Курьер: вызвать / связаться,Курьер
24,Пункт выдачи: работа и оценка,Пункты выдачи и хранение
4,ПВЗ: жалобы и проблемы,Пункты выдачи и хранение
6,Пункт выдачи (коротко) / жалоба на ПВЗ,Пункты выдачи и хранение
35,Продлить срок хранения,Пункты выдачи и хранение
40,Изменить адрес или дату доставки,Изменение доставки
7,Не проходит оплата,Оплата
2,Способы оплаты и постоплата,Оплата
22,Изменить способ оплаты,Оплата
26,Привязать / отвязать карту,Оплата
10,За что списали деньги,"Списания, банк и рассрочка"
16,"Деньги, Ozon Карта, аккаунт: развёрнутые вопросы","Списания, банк и рассрочка"
34,Ozon Банк и Ozon Карта,"Списания, банк и рассрочка"
38,Рассрочка,"Списания, банк и рассрочка"
12,Отключить Ozon Premium,Подписка Ozon Premium
48,Вернуть деньги за подписку,Подписка Ozon Premium
19,Баллы: списание и начисление (подробно),"Баллы, сертификаты, промокоды"
30,"Баллы, ВАУ-баллы, баланс (коротко)","Баллы, сертификаты, промокоды"
25,Морковки: обмен баллов,"Баллы, сертификаты, промокоды"
5,Подарочные сертификаты,"Баллы, сертификаты, промокоды"
23,"Где найти чеки, промокоды","Баллы, сертификаты, промокоды"
15,"Вход в аккаунт, коды подтверждения","Аккаунт, вход, документы"
36,"Отключить подписки, удалить аккаунт, уведомления","Аккаунт, вход, документы"
27,Паспортные данные,"Аккаунт, вход, документы"
45,Связаться с продавцом,"Продавец, товар, отзывы"
9,"Цена, товар, условия покупки (развёрнуто)","Продавец, товар, отзывы"
42,Отзывы,"Продавец, товар, отзывы"
33,Отправить посылку (Ozon Доставка),Отправка посылок
8,"Однословные темы (продлить, чек, карта)",Кнопки меню и неинформативные запросы
47,"Названия сервисов («озон премиум», «озон банк»)",Кнопки меню и неинформативные запросы
3,"«Вопрос по заказу», «доставка»",Кнопки меню и неинформативные запросы
49,"«Человек», «назад», «другое»",Кнопки меню и неинформативные запросы
39,"«Другой заказ», только номер заказа",Кнопки меню и неинформативные запросы
21,«Главное меню» / пустое сообщение,Кнопки меню и неинформативные запросы
46,"Уточнения: «почему так долго», «вопрос выше»",Продолжение диалога и несогласие
32,"«Ответ не помог», «нет», несогласие с ботом",Продолжение диалога и несогласие
